iter,error
0,68.63053241
1,46.53112158
2,23.13089368
3,16.32447646
4,10.018840326
5,8.8439863042
6,6.8725975434
7,5.8095923752
8,4.6147829851
9,3.3713318003
10,2.91334585442
